node	distance_type	p_value	adjusted_p_value
drugbank.DB01433	topology_only	1.0	1.0
drugbank.DB05137	topology_only	1.0	1.0
drugbank.DB00467	topology_only	1.0	1.0
drugbank.DB01007	topology_only	1.0	1.0
drugbank.DB00651	topology_only	1.0	1.0
drugbank.DB00599	topology_only	0.0009990009990009	0.89299532402506
drugbank.DB00219	topology_only	1.0	1.0
drugbank.DB00917	topology_only	1.0	1.0
drugbank.DB00719	topology_only	0.0089910089910089	0.999999989765648
drugbank.DB01411	topology_only	1.0	1.0
drugbank.DB08896	topology_only	0.1018981018981019	1.0
drugbank.DB04880	topology_only	0.0659340659340659	1.0
drugbank.DB00043	topology_only	1.0	1.0
drugbank.DB08893	topology_only	1.0	1.0
drugbank.DB01132	topology_only	0.0009990009990009	0.89299532402506
drugbank.DB00807	topology_only	1.0	1.0
drugbank.DB09245	topology_only	1.0	1.0
drugbank.DB09080	topology_only	1.0	1.0
drugbank.DB09227	topology_only	0.0179820179820179	0.9999999999999996
drugbank.DB13014	topology_only	1.0	1.0
drugbank.DB09286	topology_only	1.0	1.0
drugbank.DB00705	topology_only	1.0	1.0
drugbank.DB00385	topology_only	1.0	1.0
drugbank.DB04837	topology_only	0.0009990009990009	0.89299532402506
drugbank.DB01401	topology_only	0.1758241758241758	1.0
drugbank.DB01157	topology_only	1.0	1.0
drugbank.DB00488	topology_only	1.0	1.0
drugbank.DB00254	topology_only	0.4215784215784215	1.0
drugbank.DB00327	topology_only	1.0	1.0
drugbank.DB06403	topology_only	1.0	1.0
drugbank.DB01099	topology_only	1.0	1.0
drugbank.DB00368	topology_only	0.0109890109890109	0.9999999997953294
drugbank.DB00744	topology_only	1.0	1.0
drugbank.DB04839	topology_only	0.0019980019980019	0.9861018761855614
drugbank.DB01672	topology_only	0.0399600399600399	1.0
drugbank.DB09019	topology_only	1.0	1.0
drugbank.DB00794	topology_only	0.0009990009990009	0.89299532402506
drugbank.DB04552	topology_only	1.0	1.0
drugbank.DB00336	topology_only	1.0	1.0
drugbank.DB00967	topology_only	0.0829170829170829	1.0
drugbank.DB00502	topology_only	0.0009990009990009	0.89299532402506
drugbank.DB00653	topology_only	0.0469530469530469	1.0
drugbank.DB08871	topology_only	1.0	1.0
drugbank.DB00332	topology_only	1.0	1.0
drugbank.DB01170	topology_only	0.0459540459540459	1.0
drugbank.DB00397	topology_only	0.3186813186813186	1.0
drugbank.DB01032	topology_only	1.0	1.0
drugbank.DB13919	topology_only	0.0069930069930069	0.999999450410522
drugbank.DB06626	topology_only	0.1688311688311688	1.0
drugbank.DB00357	topology_only	0.0069930069930069	0.999999450410522
drugbank.DB12865	topology_only	1.0	1.0
drugbank.DB00819	topology_only	1.0	1.0
drugbank.DB09343	topology_only	0.0169830169830169	0.999999999999998
drugbank.DB06216	topology_only	0.0779220779220779	1.0
drugbank.DB00175	topology_only	1.0	1.0
drugbank.DB08846	topology_only	0.0299700299700299	1.0
drugbank.DB01356	topology_only	0.0009990009990009	0.89299532402506
drugbank.DB00073	topology_only	1.0	1.0
drugbank.DB00804	topology_only	1.0	1.0
drugbank.DB13872	topology_only	1.0	1.0
drugbank.DB02513	topology_only	1.0	1.0
drugbank.DB13166	topology_only	0.0649350649350649	1.0
drugbank.DB00122	topology_only	0.1798201798201798	1.0
drugbank.DB00970	topology_only	1.0	1.0
drugbank.DB00669	topology_only	1.0	1.0
drugbank.DB09071	topology_only	1.0	1.0
drugbank.DB00945	topology_only	0.0009990009990009	0.89299532402506
drugbank.DB01092	topology_only	0.0049950049950049	0.999969738375195
drugbank.DB01224	topology_only	0.0099900099900099	0.9999999985351842
drugbank.DB00495	topology_only	0.3856143856143856	1.0
drugbank.DB01685	topology_only	1.0	1.0
drugbank.DB06230	topology_only	1.0	1.0
drugbank.DB00795	topology_only	0.0019980019980019	0.9861018761855614
drugbank.DB00310	topology_only	0.0469530469530469	1.0
drugbank.DB00973	topology_only	1.0	1.0
drugbank.DB01133	topology_only	1.0	1.0
drugbank.DB01171	topology_only	0.0429570429570429	1.0
drugbank.DB06152	topology_only	1.0	1.0
drugbank.DB00132	topology_only	1.0	1.0
drugbank.DB08837	topology_only	1.0	1.0
drugbank.DB00485	topology_only	1.0	1.0
drugbank.DB00190	topology_only	0.0179820179820179	0.9999999999999996
drugbank.DB00716	topology_only	1.0	1.0
drugbank.DB00334	topology_only	0.0809190809190809	1.0
drugbank.DB00451	topology_only	0.0739260739260739	1.0
drugbank.DB00246	topology_only	0.0009990009990009	0.89299532402506
drugbank.DB00366	topology_only	0.0389610389610389	1.0
drugbank.DB00867	topology_only	0.0579420579420579	1.0
drugbank.DB02703	topology_only	1.0	1.0
drugbank.DB00713	topology_only	1.0	1.0
drugbank.DB05521	topology_only	1.0	1.0
drugbank.DB00264	topology_only	0.1058941058941058	1.0
drugbank.DB04924	topology_only	1.0	1.0
drugbank.DB00897	topology_only	1.0	1.0
drugbank.DB01006	topology_only	1.0	1.0
drugbank.DB08897	topology_only	1.0	1.0
drugbank.DB01330	topology_only	1.0	1.0
drugbank.DB05003	topology_only	1.0	1.0
drugbank.DB08875	topology_only	0.0119880119880119	0.9999999999717448
drugbank.DB00518	topology_only	1.0	1.0
drugbank.DB00481	topology_only	0.1598401598401598	1.0
drugbank.DB01084	topology_only	1.0	1.0
drugbank.DB00512	topology_only	1.0	1.0
drugbank.DB00984	topology_only	1.0	1.0
drugbank.DB07477	topology_only	1.0	1.0
drugbank.DB08908	topology_only	1.0	1.0
drugbank.DB04931	topology_only	1.0	1.0
drugbank.DB01103	topology_only	1.0	1.0
drugbank.DB00229	topology_only	1.0	1.0
drugbank.DB00285	topology_only	1.0	1.0
drugbank.DB00507	topology_only	1.0	1.0
drugbank.DB13679	topology_only	0.0959040959040959	1.0
drugbank.DB09389	topology_only	1.0	1.0
drugbank.DB01233	topology_only	0.4725274725274725	1.0
drugbank.DB09055	topology_only	1.0	1.0
drugbank.DB05381	topology_only	1.0	1.0
drugbank.DB00641	topology_only	0.6493506493506493	1.0
drugbank.DB00280	topology_only	0.1458541458541458	1.0
drugbank.DB01094	topology_only	1.0	1.0
drugbank.DB00494	topology_only	1.0	1.0
drugbank.DB01108	topology_only	1.0	1.0
drugbank.DB00618	topology_only	1.0	1.0
drugbank.DB03568	topology_only	1.0	1.0
drugbank.DB00750	topology_only	1.0	1.0
drugbank.DB00964	topology_only	1.0	1.0
drugbank.DB01162	topology_only	0.0529470529470529	1.0
drugbank.DB11591	topology_only	0.0119880119880119	0.9999999999717448
drugbank.DB00927	topology_only	1.0	1.0
drugbank.DB00315	topology_only	1.0	1.0
drugbank.DB01071	topology_only	1.0	1.0
drugbank.DB01307	topology_only	1.0	1.0
drugbank.DB00435	topology_only	0.1958041958041958	1.0
drugbank.DB00231	topology_only	1.0	1.0
drugbank.DB13167	topology_only	0.0909090909090909	1.0
drugbank.DB01076	topology_only	1.0	1.0
drugbank.DB11635	topology_only	1.0	1.0
drugbank.DB00401	topology_only	0.0189810189810189	1.0
drugbank.DB00431	topology_only	1.0	1.0
drugbank.DB09345	topology_only	1.0	1.0
drugbank.DB08873	topology_only	1.0	1.0
drugbank.DB00696	topology_only	1.0	1.0
drugbank.DB01001	topology_only	0.0169830169830169	0.999999999999998
drugbank.DB11611	topology_only	1.0	1.0
drugbank.DB04844	topology_only	0.0949050949050949	1.0
drugbank.DB00413	topology_only	0.0599400599400599	1.0
drugbank.DB09324	topology_only	1.0	1.0
drugbank.DB00251	topology_only	1.0	1.0
drugbank.DB08954	topology_only	0.0949050949050949	1.0
drugbank.DB04272	topology_only	1.0	1.0
drugbank.DB00894	topology_only	1.0	1.0
drugbank.DB00224	topology_only	1.0	1.0
drugbank.DB01021	topology_only	0.0609390609390609	1.0
drugbank.DB09552	topology_only	1.0	1.0
drugbank.DB08932	topology_only	1.0	1.0
drugbank.DB00283	topology_only	0.1548451548451548	1.0
drugbank.DB00996	topology_only	1.0	1.0
drugbank.DB00169	topology_only	0.0009990009990009	0.89299532402506
drugbank.DB00800	topology_only	0.0339660339660339	1.0
drugbank.DB00798	topology_only	1.0	1.0
drugbank.DB01154	topology_only	0.0539460539460539	1.0
drugbank.DB00309	topology_only	0.2347652347652347	1.0
drugbank.DB00239	topology_only	1.0	1.0
drugbank.DB09082	topology_only	1.0	1.0
drugbank.DB01231	topology_only	1.0	1.0
drugbank.DB04825	topology_only	1.0	1.0
drugbank.DB01041	topology_only	0.0019980019980019	0.9861018761855614
drugbank.DB00341	topology_only	0.0079920079920079	0.9999999252648816
drugbank.DB00152	topology_only	1.0	1.0
drugbank.DB06674	topology_only	0.0189810189810189	1.0
drugbank.DB06786	topology_only	1.0	1.0
drugbank.DB00698	topology_only	1.0	1.0
drugbank.DB01601	topology_only	1.0	1.0
drugbank.DB00250	topology_only	0.0069930069930069	0.999999450410522
drugbank.DB09043	topology_only	1.0	1.0
drugbank.DB06207	topology_only	1.0	1.0
drugbank.DB00199	topology_only	0.1148851148851148	1.0
drugbank.DB04786	topology_only	1.0	1.0
drugbank.DB00972	topology_only	0.0579420579420579	1.0
drugbank.DB12458	topology_only	0.0759240759240759	1.0
drugbank.DB04743	topology_only	0.0009990009990009	0.89299532402506
drugbank.DB09257	topology_only	0.0169830169830169	0.999999999999998
drugbank.DB00351	topology_only	0.0509490509490509	1.0
drugbank.DB00498	topology_only	0.0679320679320679	1.0
drugbank.DB09304	topology_only	1.0	1.0
drugbank.DB00483	topology_only	1.0	1.0
drugbank.DB11829	topology_only	1.0	1.0
drugbank.DB08809	topology_only	1.0	1.0
drugbank.DB09462	topology_only	1.0	1.0
drugbank.DB13161	topology_only	0.0099900099900099	0.9999999985351842
drugbank.DB01222	topology_only	0.0099900099900099	0.9999999985351842
drugbank.DB00611	topology_only	1.0	1.0
drugbank.DB00950	topology_only	0.0549450549450549	1.0
drugbank.DB09302	topology_only	1.0	1.0
drugbank.DB01165	topology_only	1.0	1.0
drugbank.DB01352	topology_only	1.0	1.0
drugbank.DB00568	topology_only	0.2227772227772227	1.0
drugbank.DB01011	topology_only	1.0	1.0
drugbank.DB00905	topology_only	1.0	1.0
drugbank.DB00404	topology_only	0.0129870129870129	0.9999999999959636
drugbank.DB00753	topology_only	0.0179820179820179	0.9999999999999996
drugbank.DB00087	topology_only	1.0	1.0
drugbank.DB00730	topology_only	1.0	1.0
drugbank.DB14491	topology_only	0.0779220779220779	1.0
drugbank.DB00552	topology_only	1.0	1.0
drugbank.DB06824	topology_only	1.0	1.0
drugbank.DB01203	topology_only	0.1508491508491508	1.0
drugbank.DB01365	topology_only	0.0439560439560439	1.0
drugbank.DB01418	topology_only	1.0	1.0
drugbank.DB09231	topology_only	0.0349650349650349	1.0
drugbank.DB01039	topology_only	0.0089910089910089	0.999999989765648
drugbank.DB11348	topology_only	1.0	1.0
drugbank.DB01023	topology_only	0.2107892107892107	1.0
drugbank.DB09046	topology_only	1.0	1.0
drugbank.DB01364	topology_only	0.0189810189810189	1.0
drugbank.DB01037	topology_only	0.0209790209790209	1.0
drugbank.DB04930	topology_only	1.0	1.0
drugbank.DB09198	topology_only	1.0	1.0
drugbank.DB08604	topology_only	1.0	1.0
drugbank.DB00915	topology_only	0.0339660339660339	1.0
drugbank.DB00508	topology_only	1.0	1.0
drugbank.DB00540	topology_only	0.0009990009990009	0.89299532402506
drugbank.DB01618	topology_only	0.0849150849150849	1.0
drugbank.DB00119	topology_only	0.0449550449550449	1.0
drugbank.DB04845	topology_only	0.0169830169830169	0.999999999999998
drugbank.DB01191	topology_only	0.0089910089910089	0.999999989765648
drugbank.DB01221	topology_only	0.0019980019980019	0.9861018761855614
drugbank.DB01083	topology_only	0.0129870129870129	0.9999999999959636
drugbank.DB00733	topology_only	0.0689310689310689	1.0
drugbank.DB05088	topology_only	1.0	1.0
drugbank.DB01892	topology_only	1.0	1.0
drugbank.DB06154	topology_only	1.0	1.0
drugbank.DB09093	topology_only	1.0	1.0
drugbank.DB01033	topology_only	1.0	1.0
drugbank.DB00248	topology_only	0.0369630369630369	1.0
drugbank.DB13132	topology_only	1.0	1.0
drugbank.DB01275	topology_only	0.1068931068931069	1.0
drugbank.DB13751	topology_only	0.2547452547452547	1.0
drugbank.DB00305	topology_only	1.0	1.0
drugbank.DB00975	topology_only	0.2927072927072927	1.0
drugbank.DB09270	topology_only	1.0	1.0
drugbank.DB00747	topology_only	1.0	1.0
drugbank.DB06750	topology_only	1.0	1.0
drugbank.DB00723	topology_only	0.0129870129870129	0.9999999999959636
drugbank.DB01388	topology_only	0.1938061938061938	1.0
drugbank.DB05245	topology_only	1.0	1.0
drugbank.DB09369	topology_only	0.0509490509490509	1.0
drugbank.DB00041	topology_only	1.0	1.0
drugbank.DB01112	topology_only	1.0	1.0
drugbank.DB01227	topology_only	1.0	1.0
drugbank.DB11828	topology_only	1.0	1.0
drugbank.DB00187	topology_only	1.0	1.0
drugbank.DB01247	topology_only	1.0	1.0
drugbank.DB00531	topology_only	0.0219780219780219	1.0
drugbank.DB01122	topology_only	1.0	1.0
drugbank.DB04828	topology_only	1.0	1.0
drugbank.DB00987	topology_only	0.3596403596403596	1.0
drugbank.DB02925	topology_only	0.0239760239760239	1.0
drugbank.DB00892	topology_only	1.0	1.0
drugbank.DB01243	topology_only	1.0	1.0
drugbank.DB11783	topology_only	0.0049950049950049	0.999969738375195
drugbank.DB01700	topology_only	1.0	1.0
drugbank.DB09028	topology_only	0.0129870129870129	0.9999999999959636
drugbank.DB00861	topology_only	0.1948051948051948	1.0
drugbank.DB01072	topology_only	1.0	1.0
drugbank.DB00458	topology_only	0.0009990009990009	0.89299532402506
drugbank.DB00605	topology_only	0.0009990009990009	0.89299532402506
drugbank.DB09273	topology_only	0.0569430569430569	1.0
drugbank.DB08877	topology_only	0.1328671328671328	1.0
drugbank.DB12328	topology_only	0.0329670329670329	1.0
drugbank.DB11113	topology_only	1.0	1.0
drugbank.DB00192	topology_only	0.0159840159840159	0.9999999999999868
drugbank.DB00496	topology_only	1.0	1.0
drugbank.DB00962	topology_only	1.0	1.0
drugbank.DB02329	topology_only	1.0	1.0
drugbank.DB11800	topology_only	0.0959040959040959	1.0
drugbank.DB00406	topology_only	1.0	1.0
drugbank.DB00490	topology_only	0.0029970029970029	0.9982395324414356
drugbank.DB11273	topology_only	1.0	1.0
drugbank.DB01127	topology_only	1.0	1.0
drugbank.DB01437	topology_only	0.0269730269730269	1.0
drugbank.DB01016	topology_only	0.4535464535464535	1.0
drugbank.DB13781	topology_only	1.0	1.0
drugbank.DB00114	topology_only	0.1408591408591408	1.0
drugbank.DB01109	topology_only	0.0909090909090909	1.0
drugbank.DB04564	topology_only	1.0	1.0
drugbank.DB00741	topology_only	0.0649350649350649	1.0
drugbank.DB02530	topology_only	0.0949050949050949	1.0
drugbank.DB00773	topology_only	0.0009990009990009	0.89299532402506
drugbank.DB11703	topology_only	1.0	1.0
drugbank.DB07402	topology_only	0.0529470529470529	1.0
drugbank.DB04447	topology_only	1.0	1.0
drugbank.DB09232	topology_only	0.0629370629370629	1.0
drugbank.DB00679	topology_only	0.0459540459540459	1.0
drugbank.DB00348	topology_only	0.0039960039960039	0.9997725089350604
drugbank.DB01367	topology_only	0.0729270729270729	1.0
drugbank.DB00935	topology_only	0.0509490509490509	1.0
drugbank.DB01069	topology_only	0.0029970029970029	0.9982395324414356
drugbank.DB00802	topology_only	1.0	1.0
drugbank.DB00078	topology_only	1.0	1.0
drugbank.DB07374	topology_only	1.0	1.0
drugbank.DB09564	topology_only	1.0	1.0
drugbank.DB11750	topology_only	1.0	1.0
drugbank.DB04854	topology_only	1.0	1.0
drugbank.DB04856	topology_only	1.0	1.0
drugbank.DB01129	topology_only	1.0	1.0
drugbank.DB00921	topology_only	0.0009990009990009	0.89299532402506
drugbank.DB13345	topology_only	0.0619380619380619	1.0
drugbank.DB00234	topology_only	1.0	1.0
drugbank.DB01425	topology_only	1.0	1.0
drugbank.DB02073	topology_only	0.0689310689310689	1.0
drugbank.DB04946	topology_only	0.0509490509490509	1.0
drugbank.DB01117	topology_only	1.0	1.0
drugbank.DB06268	topology_only	1.0	1.0
drugbank.DB12831	topology_only	1.0	1.0
drugbank.DB00993	topology_only	0.2377622377622377	1.0
drugbank.DB01074	topology_only	1.0	1.0
drugbank.DB11617	topology_only	1.0	1.0
drugbank.DB08808	topology_only	0.0779220779220779	1.0
drugbank.DB01429	topology_only	0.0049950049950049	0.999969738375195
drugbank.DB00851	topology_only	0.0169830169830169	0.999999999999998
drugbank.DB00099	topology_only	0.0149850149850149	0.9999999999999146
drugbank.DB09279	topology_only	0.0179820179820179	0.9999999999999996
drugbank.DB11421	topology_only	1.0	1.0
drugbank.DB01124	topology_only	1.0	1.0
drugbank.DB06401	topology_only	1.0	1.0
drugbank.DB04115	topology_only	1.0	1.0
drugbank.DB00799	topology_only	1.0	1.0
drugbank.DB09063	topology_only	0.1548451548451548	1.0
drugbank.DB01340	topology_only	0.0519480519480519	1.0
drugbank.DB04842	topology_only	0.0579420579420579	1.0
drugbank.DB00480	topology_only	0.0369630369630369	1.0
drugbank.DB01161	topology_only	1.0	1.0
drugbank.DB00072	topology_only	1.0	1.0
drugbank.DB01193	topology_only	0.0049950049950049	0.999969738375195
drugbank.DB01366	topology_only	0.0329670329670329	1.0
drugbank.DB05316	topology_only	0.0309690309690309	1.0
drugbank.DB11641	topology_only	1.0	1.0
drugbank.DB00686	topology_only	1.0	1.0
drugbank.DB00883	topology_only	0.0089910089910089	0.999999989765648
drugbank.DB00197	topology_only	0.0009990009990009	0.89299532402506
drugbank.DB04884	topology_only	1.0	1.0
drugbank.DB01097	topology_only	0.1608391608391608	1.0
drugbank.DB00477	topology_only	0.0009990009990009	0.89299532402506
drugbank.DB06589	topology_only	0.1748251748251748	1.0
drugbank.DB05351	topology_only	1.0	1.0
drugbank.DB03585	topology_only	0.0759240759240759	1.0
drugbank.DB06742	topology_only	1.0	1.0
drugbank.DB01181	topology_only	0.0609390609390609	1.0
drugbank.DB01257	topology_only	1.0	1.0
drugbank.DB01274	topology_only	1.0	1.0
drugbank.DB09248	topology_only	1.0	1.0
drugbank.DB00340	topology_only	1.0	1.0
drugbank.DB09256	topology_only	0.0409590409590409	1.0
drugbank.DB12863	topology_only	1.0	1.0
drugbank.DB09068	topology_only	1.0	1.0
drugbank.DB00952	topology_only	1.0	1.0
drugbank.DB00835	topology_only	0.0899100899100899	1.0
drugbank.DB00839	topology_only	1.0	1.0
drugbank.DB01100	topology_only	0.3286713286713286	1.0
drugbank.DB06736	topology_only	0.1868131868131868	1.0
drugbank.DB01220	topology_only	1.0	1.0
drugbank.DB00374	topology_only	1.0	1.0
drugbank.DB00906	topology_only	0.0189810189810189	1.0
drugbank.DB00304	topology_only	1.0	1.0
drugbank.DB00312	topology_only	0.0119880119880119	0.9999999999717448
drugbank.DB01197	topology_only	0.0259740259740259	1.0
drugbank.DB01056	topology_only	0.0019980019980019	0.9861018761855614
drugbank.DB08828	topology_only	0.0179820179820179	0.9999999999999996
drugbank.DB00279	topology_only	0.0389610389610389	1.0
drugbank.DB12023	topology_only	1.0	1.0
drugbank.DB03808	topology_only	1.0	1.0
drugbank.DB08867	topology_only	1.0	1.0
drugbank.DB11362	topology_only	1.0	1.0
drugbank.DB00909	topology_only	0.0099900099900099	0.9999999985351842
drugbank.DB01283	topology_only	1.0	1.0
drugbank.DB00924	topology_only	1.0	1.0
drugbank.DB09081	topology_only	1.0	1.0
drugbank.DB01151	topology_only	0.0009990009990009	0.89299532402506
drugbank.DB09221	topology_only	1.0	1.0
drugbank.DB06694	topology_only	1.0	1.0
drugbank.DB06412	topology_only	1.0	1.0
drugbank.DB00408	topology_only	0.0049950049950049	0.999969738375195
drugbank.DB00176	topology_only	0.0049950049950049	0.999969738375195
drugbank.DB00818	topology_only	0.1088911088911089	1.0
drugbank.DB01615	topology_only	1.0	1.0
drugbank.DB00134	topology_only	1.0	1.0
drugbank.DB11632	topology_only	1.0	1.0
drugbank.DB09085	topology_only	1.0	1.0
drugbank.DB09140	topology_only	1.0	1.0
drugbank.DB00643	topology_only	1.0	1.0
drugbank.DB12695	topology_only	1.0	1.0
drugbank.DB00378	topology_only	1.0	1.0
drugbank.DB00015	topology_only	0.0629370629370629	1.0
drugbank.DB09258	topology_only	1.0	1.0
drugbank.DB09228	topology_only	0.0659340659340659	1.0
drugbank.DB08810	topology_only	1.0	1.0
drugbank.DB00446	topology_only	1.0	1.0
drugbank.DB04665	topology_only	1.0	1.0
drugbank.DB01289	topology_only	1.0	1.0
drugbank.DB00159	topology_only	0.1398601398601398	1.0
drugbank.DB07615	topology_only	1.0	1.0
drugbank.DB09143	topology_only	0.0199800199800199	1.0
drugbank.DB09061	topology_only	0.0229770229770229	1.0
drugbank.DB04890	topology_only	1.0	1.0
drugbank.DB00206	topology_only	0.0519480519480519	1.0
drugbank.DB00322	topology_only	0.0959040959040959	1.0
drugbank.DB11770	topology_only	0.0459540459540459	1.0
drugbank.DB00036	topology_only	0.0519480519480519	1.0
drugbank.DB00030	topology_only	1.0	1.0
drugbank.DB00588	topology_only	1.0	1.0
drugbank.DB09045	topology_only	1.0	1.0
drugbank.DB00163	topology_only	1.0	1.0
drugbank.DB00793	topology_only	1.0	1.0
drugbank.DB09118	topology_only	0.0559440559440559	1.0
drugbank.DB00038	topology_only	1.0	1.0
drugbank.DB01158	topology_only	1.0	1.0
drugbank.DB08806	topology_only	1.0	1.0
drugbank.DB09035	topology_only	1.0	1.0
drugbank.DB06515	topology_only	1.0	1.0
drugbank.DB06201	topology_only	0.0449550449550449	1.0
drugbank.DB06616	topology_only	0.1858141858141858	1.0
drugbank.DB00067	topology_only	1.0	1.0
drugbank.DB12610	topology_only	1.0	1.0
drugbank.DB00449	topology_only	1.0	1.0
drugbank.DB05229	topology_only	1.0	1.0
drugbank.DB00844	topology_only	0.0249750249750249	1.0
drugbank.DB01070	topology_only	0.0639360639360639	1.0
drugbank.DB00982	topology_only	0.0639360639360639	1.0
drugbank.DB13643	topology_only	1.0	1.0
drugbank.DB00820	topology_only	1.0	1.0
drugbank.DB00350	topology_only	0.0239760239760239	1.0
drugbank.DB00936	topology_only	0.0599400599400599	1.0
drugbank.DB04224	topology_only	1.0	1.0
drugbank.DB06718	topology_only	1.0	1.0
drugbank.DB12116	topology_only	0.0079920079920079	0.9999999252648816
drugbank.DB00344	topology_only	1.0	1.0
drugbank.DB01182	topology_only	0.2177822177822178	1.0
drugbank.DB00147	topology_only	1.0	1.0
drugbank.DB01110	topology_only	1.0	1.0
drugbank.DB00738	topology_only	1.0	1.0
drugbank.DB03128	topology_only	0.0619380619380619	1.0
drugbank.DB00700	topology_only	0.0259740259740259	1.0
drugbank.DB01142	topology_only	0.0039960039960039	0.9997725089350604
drugbank.DB11738	topology_only	0.0169830169830169	0.999999999999998
drugbank.DB09086	topology_only	0.5264735264735265	1.0
drugbank.DB00623	topology_only	0.0139860139860139	0.9999999999993996
drugbank.DB06439	topology_only	1.0	1.0
drugbank.DB08931	topology_only	1.0	1.0
drugbank.DB08918	topology_only	1.0	1.0
drugbank.DB01218	topology_only	1.0	1.0
drugbank.DB01175	topology_only	1.0	1.0
drugbank.DB00746	topology_only	0.4725274725274725	1.0
drugbank.DB00209	topology_only	1.0	1.0
drugbank.DB01245	topology_only	0.0339660339660339	1.0
drugbank.DB12693	topology_only	1.0	1.0
drugbank.DB08827	topology_only	1.0	1.0
drugbank.DB01324	topology_only	0.0099900099900099	0.9999999985351842
drugbank.DB00437	topology_only	0.0159840159840159	0.9999999999999868
drugbank.DB00816	topology_only	0.0209790209790209	1.0
drugbank.DB09142	topology_only	1.0	1.0
drugbank.DB01294	topology_only	1.0	1.0
drugbank.DB01022	topology_only	1.0	1.0
drugbank.DB01058	topology_only	1.0	1.0
drugbank.DB06262	topology_only	1.0	1.0
drugbank.DB01005	topology_only	0.2387612387612387	1.0
drugbank.DB01144	topology_only	1.0	1.0
drugbank.DB00907	topology_only	0.1208791208791208	1.0
drugbank.DB02375	topology_only	1.0	1.0
drugbank.DB00052	topology_only	1.0	1.0
drugbank.DB06460	topology_only	1.0	1.0
drugbank.DB00424	topology_only	1.0	1.0
drugbank.DB12598	topology_only	0.1598401598401598	1.0
drugbank.DB12890	topology_only	1.0	1.0
drugbank.DB00866	topology_only	0.0429570429570429	1.0
drugbank.DB00056	topology_only	0.0579420579420579	1.0
drugbank.DB01200	topology_only	0.0029970029970029	0.9982395324414356
drugbank.DB02679	topology_only	1.0	1.0
drugbank.DB00277	topology_only	0.0009990009990009	0.89299532402506
drugbank.DB04652	topology_only	1.0	1.0
drugbank.DB00188	topology_only	1.0	1.0
drugbank.DB00339	topology_only	1.0	1.0
drugbank.DB00657	topology_only	0.0049950049950049	0.999969738375195
drugbank.DB06766	topology_only	1.0	1.0
drugbank.DB00780	topology_only	0.1768231768231768	1.0
drugbank.DB00937	topology_only	1.0	1.0
drugbank.DB01054	topology_only	0.3906093906093906	1.0
drugbank.DB00325	topology_only	0.1028971028971029	1.0
drugbank.DB00181	topology_only	1.0	1.0
drugbank.DB06594	topology_only	1.0	1.0
drugbank.DB01452	topology_only	1.0	1.0
drugbank.DB01241	topology_only	0.0029970029970029	0.9982395324414356
drugbank.DB00903	topology_only	1.0	1.0
drugbank.DB00128	topology_only	1.0	1.0
drugbank.DB13926	topology_only	1.0	1.0
drugbank.DB03166	topology_only	1.0	1.0
drugbank.DB01126	topology_only	0.0219780219780219	1.0
drugbank.DB13050	topology_only	1.0	1.0
drugbank.DB06414	topology_only	1.0	1.0
drugbank.DB09167	topology_only	1.0	1.0
drugbank.DB00571	topology_only	0.0009990009990009	0.89299532402506
drugbank.DB01095	topology_only	0.1578421578421578	1.0
drugbank.DB06186	topology_only	1.0	1.0
drugbank.DB00505	topology_only	1.0	1.0
drugbank.DB04818	topology_only	1.0	1.0
drugbank.DB00108	topology_only	0.1688311688311688	1.0
drugbank.DB12225	topology_only	1.0	1.0
drugbank.DB08815	topology_only	0.0289710289710289	1.0
drugbank.DB01063	topology_only	1.0	1.0
drugbank.DB06691	topology_only	0.0229770229770229	1.0
drugbank.DB00136	topology_only	0.0009990009990009	0.89299532402506
drugbank.DB00514	topology_only	0.1058941058941058	1.0
drugbank.DB00532	topology_only	1.0	1.0
drugbank.DB01327	topology_only	1.0	1.0
drugbank.DB00328	topology_only	0.0009990009990009	0.89299532402506
drugbank.DB01320	topology_only	0.0739260739260739	1.0
drugbank.DB00218	topology_only	1.0	1.0
drugbank.DB13173	topology_only	1.0	1.0
drugbank.DB00763	topology_only	1.0	1.0
drugbank.DB00501	topology_only	0.2837162837162837	1.0
drugbank.DB00715	topology_only	0.0009990009990009	0.89299532402506
drugbank.DB08885	topology_only	1.0	1.0
drugbank.DB00420	topology_only	0.0149850149850149	0.9999999999999146
drugbank.DB00832	topology_only	1.0	1.0
drugbank.DB00831	topology_only	0.0019980019980019	0.9861018761855614
drugbank.DB00139	topology_only	1.0	1.0
drugbank.DB01015	topology_only	1.0	1.0
drugbank.DB00617	topology_only	1.0	1.0
drugbank.DB00118	topology_only	0.1828171828171828	1.0
drugbank.DB08804	topology_only	1.0	1.0
drugbank.DB09235	topology_only	0.0189810189810189	1.0
drugbank.DB00603	topology_only	0.0089910089910089	0.999999989765648
drugbank.DB00419	topology_only	1.0	1.0
drugbank.DB11638	topology_only	0.1248751248751248	1.0
drugbank.DB12872	topology_only	1.0	1.0
drugbank.DB11921	topology_only	1.0	1.0
drugbank.DB06654	topology_only	0.0279720279720279	1.0
drugbank.DB02362	topology_only	1.0	1.0
drugbank.DB01085	topology_only	1.0	1.0
drugbank.DB08059	topology_only	0.0029970029970029	0.9982395324414356
drugbank.DB06147	topology_only	1.0	1.0
drugbank.DB00472	topology_only	0.0009990009990009	0.89299532402506
drugbank.DB01034	topology_only	0.0339660339660339	1.0
drugbank.DB13953	topology_only	0.1568431568431568	1.0
drugbank.DB13164	topology_only	0.0509490509490509	1.0
drugbank.DB00553	topology_only	1.0	1.0
drugbank.DB00255	topology_only	0.0019980019980019	0.9861018761855614
drugbank.DB11136	topology_only	1.0	1.0
drugbank.DB00812	topology_only	0.3086913086913087	1.0
drugbank.DB00881	topology_only	0.0549450549450549	1.0
drugbank.DB06266	topology_only	1.0	1.0
drugbank.DB00869	topology_only	1.0	1.0
drugbank.DB00806	topology_only	0.1898101898101898	1.0
drugbank.DB00509	topology_only	1.0	1.0
drugbank.DB11359	topology_only	1.0	1.0
drugbank.DB00464	topology_only	1.0	1.0
drugbank.DB05260	topology_only	1.0	1.0
drugbank.DB00695	topology_only	0.0079920079920079	0.9999999252648816
drugbank.DB01174	topology_only	0.0119880119880119	0.9999999999717448
drugbank.DB00546	topology_only	1.0	1.0
drugbank.DB09072	topology_only	1.0	1.0
drugbank.DB01357	topology_only	1.0	1.0
drugbank.DB01057	topology_only	1.0	1.0
drugbank.DB05262	topology_only	1.0	1.0
drugbank.DB01177	topology_only	0.3116883116883117	1.0
drugbank.DB01349	topology_only	0.0199800199800199	1.0
drugbank.DB00631	topology_only	1.0	1.0
drugbank.DB09020	topology_only	1.0	1.0
drugbank.DB00302	topology_only	1.0	1.0
drugbank.DB00069	topology_only	1.0	1.0
drugbank.DB00633	topology_only	1.0	1.0
drugbank.DB00926	topology_only	1.0	1.0
drugbank.DB00262	topology_only	1.0	1.0
drugbank.DB00513	topology_only	1.0	1.0
drugbank.DB00648	topology_only	1.0	1.0
drugbank.DB11753	topology_only	1.0	1.0
drugbank.DB13036	topology_only	0.0109890109890109	0.9999999997953294
drugbank.DB04365	topology_only	1.0	1.0
drugbank.DB00195	topology_only	0.1698301698301698	1.0
drugbank.DB00100	topology_only	1.0	1.0
drugbank.DB00734	topology_only	0.0019980019980019	0.9861018761855614
drugbank.DB11397	topology_only	1.0	1.0
drugbank.DB00104	topology_only	0.2727272727272727	1.0
drugbank.DB00014	topology_only	1.0	1.0
drugbank.DB09203	topology_only	1.0	1.0
drugbank.DB09351	topology_only	1.0	1.0
drugbank.DB00890	topology_only	1.0	1.0
drugbank.DB11093	topology_only	1.0	1.0
drugbank.DB00471	topology_only	0.0309690309690309	1.0
drugbank.DB09146	topology_only	1.0	1.0
drugbank.DB00202	topology_only	0.0429570429570429	1.0
drugbank.DB00201	topology_only	0.0009990009990009	0.89299532402506
drugbank.DB00158	topology_only	0.6123876123876124	1.0
drugbank.DB01394	topology_only	1.0	1.0
drugbank.DB01267	topology_only	0.0799200799200799	1.0
drugbank.DB01612	topology_only	1.0	1.0
drugbank.DB00346	topology_only	1.0	1.0
drugbank.DB00637	topology_only	0.1468531468531468	1.0
drugbank.DB00365	topology_only	1.0	1.0
drugbank.DB09488	topology_only	0.0349650349650349	1.0
drugbank.DB11087	topology_only	1.0	1.0
drugbank.DB01166	topology_only	0.0779220779220779	1.0
drugbank.DB01426	topology_only	0.0639360639360639	1.0
drugbank.DB00809	topology_only	1.0	1.0
drugbank.DB12498	topology_only	1.0	1.0
drugbank.DB01184	topology_only	0.4485514485514486	1.0
drugbank.DB08805	topology_only	1.0	1.0
drugbank.DB00726	topology_only	1.0	1.0
drugbank.DB00227	topology_only	0.0419580419580419	1.0
drugbank.DB00978	topology_only	1.0	1.0
drugbank.DB00409	topology_only	1.0	1.0
drugbank.DB08162	topology_only	0.1018981018981019	1.0
drugbank.DB01291	topology_only	1.0	1.0
drugbank.DB06267	topology_only	1.0	1.0
drugbank.DB01230	topology_only	1.0	1.0
drugbank.DB06240	topology_only	1.0	1.0
drugbank.DB00524	topology_only	0.0109890109890109	0.9999999997953294
drugbank.DB11156	topology_only	1.0	1.0
drugbank.DB00317	topology_only	0.1288711288711288	1.0
drugbank.DB09037	topology_only	1.0	1.0
drugbank.DB00822	topology_only	0.2507492507492507	1.0
drugbank.DB00433	topology_only	0.0869130869130869	1.0
drugbank.DB00666	topology_only	1.0	1.0
drugbank.DB00301	topology_only	1.0	1.0
drugbank.DB12518	topology_only	1.0	1.0
drugbank.DB00640	topology_only	0.0149850149850149	0.9999999999999146
drugbank.DB00573	topology_only	0.0219780219780219	1.0
drugbank.DB08865	topology_only	0.1748251748251748	1.0
drugbank.DB08880	topology_only	1.0	1.0
drugbank.DB00857	topology_only	1.0	1.0
drugbank.DB01010	topology_only	1.0	1.0
drugbank.DB00545	topology_only	1.0	1.0
drugbank.DB01599	topology_only	1.0	1.0
drugbank.DB00233	topology_only	1.0	1.0
drugbank.DB00949	topology_only	1.0	1.0
drugbank.DB00612	topology_only	0.0059940059940059	0.9999958434239388
drugbank.DB09238	topology_only	0.0419580419580419	1.0
drugbank.DB01424	topology_only	1.0	1.0
drugbank.DB01148	topology_only	1.0	1.0
drugbank.DB00393	topology_only	0.0059940059940059	0.9999958434239388
drugbank.DB00347	topology_only	1.0	1.0
drugbank.DB00768	topology_only	0.0219780219780219	1.0
drugbank.DB06684	topology_only	1.0	1.0
drugbank.DB01592	topology_only	0.1338661338661338	1.0
drugbank.DB07996	topology_only	1.0	1.0
drugbank.DB08905	topology_only	1.0	1.0
drugbank.DB09517	topology_only	1.0	1.0
drugbank.DB01031	topology_only	1.0	1.0
drugbank.DB11793	topology_only	1.0	1.0
drugbank.DB00244	topology_only	0.0069930069930069	0.999999450410522
drugbank.DB00838	topology_only	1.0	1.0
drugbank.DB00749	topology_only	0.0209790209790209	1.0
drugbank.DB01185	topology_only	1.0	1.0
drugbank.DB01297	topology_only	0.0299700299700299	1.0
drugbank.DB09568	topology_only	0.0369630369630369	1.0
drugbank.DB01373	topology_only	0.6343656343656343	1.0
drugbank.DB01219	topology_only	0.0459540459540459	1.0
drugbank.DB04941	topology_only	1.0	1.0
drugbank.DB01167	topology_only	1.0	1.0
drugbank.DB05812	topology_only	0.0289710289710289	1.0
drugbank.DB05018	topology_only	0.0289710289710289	1.0
drugbank.DB11181	topology_only	1.0	1.0
drugbank.DB01053	topology_only	1.0	1.0
drugbank.DB09269	topology_only	1.0	1.0
drugbank.DB01392	topology_only	0.0009990009990009	0.89299532402506
drugbank.DB04846	topology_only	0.0789210789210789	1.0
drugbank.DB09225	topology_only	1.0	1.0
drugbank.DB12867	topology_only	1.0	1.0
drugbank.DB01454	topology_only	1.0	1.0
drugbank.DB00168	topology_only	1.0	1.0
drugbank.DB00748	topology_only	0.0029970029970029	0.9982395324414356
drugbank.DB00585	topology_only	1.0	1.0
drugbank.DB02789	topology_only	1.0	1.0
drugbank.DB00455	topology_only	0.2787212787212787	1.0
drugbank.DB00493	topology_only	1.0	1.0
drugbank.DB01400	topology_only	1.0	1.0
drugbank.DB00022	topology_only	1.0	1.0
drugbank.DB00213	topology_only	1.0	1.0
drugbank.DB00855	topology_only	1.0	1.0
drugbank.DB00342	topology_only	0.5854145854145855	1.0
drugbank.DB01244	topology_only	0.0149850149850149	0.9999999999999146
drugbank.DB01217	topology_only	0.1108891108891109	1.0
drugbank.DB01623	topology_only	0.0469530469530469	1.0
drugbank.DB00425	topology_only	1.0	1.0
drugbank.DB04908	topology_only	1.0	1.0
drugbank.DB04864	topology_only	0.0019980019980019	0.9861018761855614
drugbank.DB01427	topology_only	0.3336663336663337	1.0
drugbank.DB00882	topology_only	0.0199800199800199	1.0
drugbank.DB00208	topology_only	0.1398601398601398	1.0
drugbank.DB00737	topology_only	1.0	1.0
drugbank.DB13114	topology_only	1.0	1.0
drugbank.DB05232	topology_only	1.0	1.0
drugbank.DB00367	topology_only	1.0	1.0
drugbank.DB00624	topology_only	0.0009990009990009	0.89299532402506
drugbank.DB05168	topology_only	1.0	1.0
drugbank.DB09220	topology_only	1.0	1.0
drugbank.DB00500	topology_only	0.3206793206793207	1.0
drugbank.DB01590	topology_only	0.0019980019980019	0.9861018761855614
drugbank.DB01018	topology_only	0.0539460539460539	1.0
drugbank.DB08836	topology_only	0.0309690309690309	1.0
drugbank.DB00459	topology_only	0.1568431568431568	1.0
drugbank.DB04895	topology_only	1.0	1.0
drugbank.DB03566	topology_only	1.0	1.0
drugbank.DB13064	topology_only	1.0	1.0
drugbank.DB00682	topology_only	0.6013986013986014	1.0
drugbank.DB14642	topology_only	1.0	1.0
drugbank.DB00396	topology_only	0.0029970029970029	0.9982395324414356
drugbank.DB12401	topology_only	0.0449550449550449	1.0
drugbank.DB00594	topology_only	0.0229770229770229	1.0
drugbank.DB00549	topology_only	1.0	1.0
drugbank.DB00482	topology_only	0.2317682317682317	1.0
drugbank.DB06655	topology_only	1.0	1.0
drugbank.DB01194	topology_only	1.0	1.0
drugbank.DB00959	topology_only	1.0	1.0
drugbank.DB00654	topology_only	1.0	1.0
drugbank.DB00047	topology_only	1.0	1.0
drugbank.DB00995	topology_only	0.0569430569430569	1.0
drugbank.DB06813	topology_only	1.0	1.0
drugbank.DB00468	topology_only	1.0	1.0
drugbank.DB06643	topology_only	1.0	1.0
drugbank.DB00981	topology_only	0.0909090909090909	1.0
drugbank.DB00257	topology_only	0.2197802197802197	1.0
drugbank.DB01118	topology_only	0.0019980019980019	0.9861018761855614
drugbank.DB00186	topology_only	0.0009990009990009	0.89299532402506
drugbank.DB00875	topology_only	0.0469530469530469	1.0
drugbank.DB00004	topology_only	1.0	1.0
drugbank.DB00754	topology_only	1.0	1.0
drugbank.DB01577	topology_only	0.1128871128871128	1.0
drugbank.DB00180	topology_only	1.0	1.0
drugbank.DB01239	topology_only	0.1018981018981019	1.0
drugbank.DB04948	topology_only	1.0	1.0
drugbank.DB00770	topology_only	1.0	1.0
drugbank.DB00584	topology_only	0.0009990009990009	0.89299532402506
drugbank.DB00925	topology_only	0.0709290709290709	1.0
drugbank.DB01121	topology_only	1.0	1.0
drugbank.DB00484	topology_only	1.0	1.0
drugbank.DB08936	topology_only	0.0639360639360639	1.0
drugbank.DB01075	topology_only	0.1748251748251748	1.0
drugbank.DB12092	topology_only	1.0	1.0
drugbank.DB00860	topology_only	0.0009990009990009	0.89299532402506
drugbank.DB08839	topology_only	1.0	1.0
drugbank.DB01544	topology_only	0.0379620379620379	1.0
drugbank.DB02527	topology_only	1.0	1.0
drugbank.DB14509	topology_only	0.0459540459540459	1.0
drugbank.DB01138	topology_only	1.0	1.0
drugbank.DB00701	topology_only	1.0	1.0
drugbank.DB00661	topology_only	0.0009990009990009	0.89299532402506
drugbank.DB00901	topology_only	0.0459540459540459	1.0
drugbank.DB04833	topology_only	0.0239760239760239	1.0
drugbank.DB00567	topology_only	1.0	1.0
drugbank.DB06738	topology_only	1.0	1.0
drugbank.DB02638	topology_only	1.0	1.0
drugbank.DB00783	topology_only	0.0009990009990009	0.89299532402506
drugbank.DB06769	topology_only	1.0	1.0
drugbank.DB01281	topology_only	1.0	1.0
drugbank.DB06612	topology_only	1.0	1.0
drugbank.DB00814	topology_only	0.0379620379620379	1.0
drugbank.DB02266	topology_only	0.1398601398601398	1.0
drugbank.DB00629	topology_only	0.0379620379620379	1.0
drugbank.DB13158	topology_only	1.0	1.0
drugbank.DB09211	topology_only	1.0	1.0
drugbank.DB06788	topology_only	1.0	1.0
drugbank.DB01954	topology_only	1.0	1.0
drugbank.DB01250	topology_only	1.0	1.0
drugbank.DB08882	topology_only	1.0	1.0
drugbank.DB00379	topology_only	0.0009990009990009	0.89299532402506
drugbank.DB00288	topology_only	1.0	1.0
drugbank.DB00663	topology_only	1.0	1.0
drugbank.DB00918	topology_only	1.0	1.0
drugbank.DB00306	topology_only	1.0	1.0
drugbank.DB00523	topology_only	0.1248751248751248	1.0
drugbank.DB01353	topology_only	1.0	1.0
drugbank.DB00656	topology_only	0.0359640359640359	1.0
drugbank.DB12332	topology_only	1.0	1.0
drugbank.DB04017	topology_only	1.0	1.0
drugbank.DB00988	topology_only	0.1338661338661338	1.0
drugbank.DB06725	topology_only	1.0	1.0
drugbank.DB03255	topology_only	1.0	1.0
drugbank.DB11633	topology_only	1.0	1.0
drugbank.DB12553	topology_only	1.0	1.0
drugbank.DB02207	topology_only	0.1078921078921078	1.0
drugbank.DB09212	topology_only	0.0949050949050949	1.0
drugbank.DB06209	topology_only	1.0	1.0
drugbank.DB00263	topology_only	1.0	1.0
drugbank.DB00456	topology_only	1.0	1.0
drugbank.DB00691	topology_only	0.0039960039960039	0.9997725089350604
drugbank.DB04832	topology_only	1.0	1.0
drugbank.DB00898	topology_only	0.0049950049950049	0.999969738375195
drugbank.DB00247	topology_only	0.1348651348651348	1.0
drugbank.DB09089	topology_only	1.0	1.0
drugbank.DB09036	topology_only	0.1008991008991009	1.0
drugbank.DB01213	topology_only	1.0	1.0
drugbank.DB00593	topology_only	1.0	1.0
drugbank.DB01288	topology_only	0.0559440559440559	1.0
drugbank.DB06243	topology_only	1.0	1.0
drugbank.DB01933	topology_only	1.0	1.0
drugbank.DB11699	topology_only	1.0	1.0
drugbank.DB01580	topology_only	0.0089910089910089	0.999999989765648
drugbank.DB00990	topology_only	1.0	1.0
drugbank.DB00721	topology_only	1.0	1.0
drugbank.DB01595	topology_only	0.0429570429570429	1.0
drugbank.DB09244	topology_only	1.0	1.0
drugbank.DB00295	topology_only	0.0159840159840159	0.9999999999999868
drugbank.DB01407	topology_only	1.0	1.0
drugbank.DB04953	topology_only	0.0169830169830169	0.999999999999998
drugbank.DB03467	topology_only	1.0	1.0
drugbank.DB00127	topology_only	1.0	1.0
drugbank.DB00230	topology_only	1.0	1.0
drugbank.DB04855	topology_only	0.0869130869130869	1.0
drugbank.DB00634	topology_only	1.0	1.0
drugbank.DB00266	topology_only	0.2137862137862138	1.0
drugbank.DB01600	topology_only	0.1738261738261738	1.0
drugbank.DB09033	topology_only	1.0	1.0
drugbank.DB00270	topology_only	0.0219780219780219	1.0
drugbank.DB00902	topology_only	0.0079920079920079	0.9999999252648816
drugbank.DB09131	topology_only	1.0	1.0
drugbank.DB01466	topology_only	1.0	1.0
drugbank.DB00848	topology_only	1.0	1.0
drugbank.DB05773	topology_only	1.0	1.0
drugbank.DB00862	topology_only	1.0	1.0
drugbank.DB02325	topology_only	0.1298701298701298	1.0
drugbank.DB11477	topology_only	1.0	1.0
drugbank.DB12293	topology_only	0.0499500499500499	1.0
drugbank.DB06470	topology_only	1.0	1.0
drugbank.DB13876	topology_only	1.0	1.0
drugbank.DB12399	topology_only	1.0	1.0
drugbank.DB00372	topology_only	1.0	1.0
drugbank.DB00974	topology_only	1.0	1.0
drugbank.DB00998	topology_only	1.0	1.0
drugbank.DB00105	topology_only	1.0	1.0
drugbank.DB01223	topology_only	1.0	1.0
drugbank.DB13581	topology_only	1.0	1.0
drugbank.DB00525	topology_only	1.0	1.0
drugbank.DB06212	topology_only	1.0	1.0
drugbank.DB00330	topology_only	1.0	1.0
drugbank.DB00957	topology_only	1.0	1.0
drugbank.DB00968	topology_only	0.1978021978021978	1.0
drugbank.DB14533	topology_only	1.0	1.0
drugbank.DB12789	topology_only	1.0	1.0
drugbank.DB00410	topology_only	1.0	1.0
drugbank.DB00528	topology_only	0.0409590409590409	1.0
drugbank.DB01306	topology_only	1.0	1.0
drugbank.DB09276	topology_only	1.0	1.0
drugbank.DB01210	topology_only	1.0	1.0
drugbank.DB00725	topology_only	1.0	1.0
drugbank.DB00427	topology_only	0.0009990009990009	0.89299532402506
drugbank.DB11363	topology_only	0.0519480519480519	1.0
drugbank.DB00311	topology_only	1.0	1.0
drugbank.DB00670	topology_only	0.0869130869130869	1.0
drugbank.DB00115	topology_only	0.0009990009990009	0.89299532402506
drugbank.DB06595	topology_only	0.0109890109890109	0.9999999997953294
drugbank.DB09065	topology_only	1.0	1.0
drugbank.DB09098	topology_only	1.0	1.0
drugbank.DB01009	topology_only	0.0019980019980019	0.9861018761855614
drugbank.DB00475	topology_only	0.1568431568431568	1.0
drugbank.DB00557	topology_only	0.0019980019980019	0.9861018761855614
drugbank.DB05578	topology_only	0.0409590409590409	1.0
drugbank.DB01396	topology_only	0.0059940059940059	0.9999958434239388
drugbank.DB02056	topology_only	1.0	1.0
drugbank.DB00708	topology_only	1.0	1.0
drugbank.DB05239	topology_only	1.0	1.0
drugbank.DB00712	topology_only	0.0039960039960039	0.9997725089350604
drugbank.DB11945	topology_only	1.0	1.0
drugbank.DB03904	topology_only	1.0	1.0
drugbank.DB00598	topology_only	0.0039960039960039	0.9997725089350604
drugbank.DB01168	topology_only	1.0	1.0
drugbank.DB04865	topology_only	1.0	1.0
drugbank.DB00170	topology_only	0.0339660339660339	1.0
drugbank.DB08912	topology_only	0.0599400599400599	1.0
drugbank.DB11644	topology_only	0.0189810189810189	1.0
drugbank.DB01019	topology_only	0.0319680319680319	1.0
drugbank.DB00361	topology_only	0.0209790209790209	1.0
drugbank.DB08814	topology_only	0.1468531468531468	1.0
drugbank.DB08822	topology_only	0.0149850149850149	0.9999999999999146
drugbank.DB01047	topology_only	1.0	1.0
drugbank.DB01060	topology_only	1.0	1.0
drugbank.DB01130	topology_only	1.0	1.0
drugbank.DB00912	topology_only	1.0	1.0
drugbank.DB01199	topology_only	0.0859140859140859	1.0
drugbank.DB01211	topology_only	1.0	1.0
drugbank.DB06153	topology_only	1.0	1.0
drugbank.DB00228	topology_only	1.0	1.0
drugbank.DB06701	topology_only	1.0	1.0
drugbank.DB08995	topology_only	1.0	1.0
drugbank.DB00387	topology_only	0.0089910089910089	0.999999989765648
drugbank.DB09559	topology_only	0.0649350649350649	1.0
drugbank.DB01579	topology_only	1.0	1.0
drugbank.DB13873	topology_only	0.0149850149850149	0.9999999999999146
drugbank.DB01067	topology_only	0.0639360639360639	1.0
drugbank.DB02701	topology_only	0.0329670329670329	1.0
drugbank.DB09016	topology_only	1.0	1.0
drugbank.DB11767	topology_only	0.0459540459540459	1.0
drugbank.DB01248	topology_only	0.0009990009990009	0.89299532402506
drugbank.DB00762	topology_only	1.0	1.0
drugbank.DB01497	topology_only	1.0	1.0
drugbank.DB01677	topology_only	1.0	1.0
drugbank.DB04871	topology_only	0.0249750249750249	1.0
drugbank.DB00359	topology_only	1.0	1.0
drugbank.DB01234	topology_only	0.0019980019980019	0.9861018761855614
drugbank.DB00782	topology_only	1.0	1.0
drugbank.DB01043	topology_only	0.2217782217782218	1.0
drugbank.DB00444	topology_only	0.1708291708291708	1.0
drugbank.DB00196	topology_only	1.0	1.0
drugbank.DB09229	topology_only	0.0319680319680319	1.0
drugbank.DB01143	topology_only	1.0	1.0
drugbank.DB00051	topology_only	0.0739260739260739	1.0
drugbank.DB12110	topology_only	1.0	1.0
drugbank.DB00675	topology_only	0.0009990009990009	0.89299532402506
drugbank.DB00388	topology_only	1.0	1.0
drugbank.DB08911	topology_only	1.0	1.0
drugbank.DB00091	topology_only	0.0019980019980019	0.9861018761855614
drugbank.DB01026	topology_only	0.0959040959040959	1.0
drugbank.DB00868	topology_only	1.0	1.0
drugbank.DB00191	topology_only	0.0819180819180819	1.0
drugbank.DB00031	topology_only	1.0	1.0
drugbank.DB00171	topology_only	1.0	1.0
drugbank.DB00674	topology_only	0.0029970029970029	0.9982395324414356
drugbank.DB00273	topology_only	0.0259740259740259	1.0
drugbank.DB12184	topology_only	1.0	1.0
drugbank.DB12161	topology_only	1.0	1.0
drugbank.DB06774	topology_only	0.1018981018981019	1.0
drugbank.DB00313	topology_only	0.0809190809190809	1.0
drugbank.DB01839	topology_only	1.0	1.0
drugbank.DB09242	topology_only	1.0	1.0
drugbank.DB01591	topology_only	1.0	1.0
drugbank.DB00578	topology_only	1.0	1.0
drugbank.DB00877	topology_only	0.0009990009990009	0.89299532402506
drugbank.DB08626	topology_only	1.0	1.0
drugbank.DB08904	topology_only	0.2307692307692307	1.0
drugbank.DB06285	topology_only	1.0	1.0
drugbank.DB00235	topology_only	0.0849150849150849	1.0
drugbank.DB11186	topology_only	1.0	1.0
drugbank.DB00223	topology_only	1.0	1.0
drugbank.DB01086	topology_only	1.0	1.0
drugbank.DB00445	topology_only	0.0039960039960039	0.9997725089350604
drugbank.DB00946	topology_only	1.0	1.0
drugbank.DB00333	topology_only	1.0	1.0
drugbank.DB04573	topology_only	1.0	1.0
drugbank.DB01626	topology_only	1.0	1.0
drugbank.DB00205	topology_only	1.0	1.0
drugbank.DB00622	topology_only	0.3406593406593406	1.0
drugbank.DB00013	topology_only	0.0979020979020979	1.0
drugbank.DB00245	topology_only	0.0009990009990009	0.89299532402506
drugbank.DB00960	topology_only	0.0179820179820179	0.9999999999999996
drugbank.DB12308	topology_only	1.0	1.0
drugbank.DB06549	topology_only	1.0	1.0
drugbank.DB00232	topology_only	0.0219780219780219	1.0
drugbank.DB04972	topology_only	1.0	1.0
drugbank.DB06623	topology_only	1.0	1.0
drugbank.DB00376	topology_only	0.0009990009990009	0.89299532402506
drugbank.DB00126	topology_only	0.0739260739260739	1.0
drugbank.DB01397	topology_only	0.1788211788211788	1.0
drugbank.DB00685	topology_only	1.0	1.0
drugbank.DB00994	topology_only	0.2387612387612387	1.0
drugbank.DB00050	topology_only	1.0	1.0
drugbank.DB01263	topology_only	1.0	1.0
drugbank.DB00026	topology_only	1.0	1.0
drugbank.DB09014	topology_only	1.0	1.0
drugbank.DB06803	topology_only	0.0579420579420579	1.0
drugbank.DB13587	topology_only	1.0	1.0
drugbank.DB12523	topology_only	0.0619380619380619	1.0
drugbank.DB00627	topology_only	1.0	1.0
drugbank.DB00138	topology_only	1.0	1.0
drugbank.DB00650	topology_only	0.0009990009990009	0.89299532402506
drugbank.DB00222	topology_only	1.0	1.0
drugbank.DB06782	topology_only	1.0	1.0
drugbank.DB11737	topology_only	0.0489510489510489	1.0
drugbank.DB00953	topology_only	1.0	1.0
drugbank.DB05511	topology_only	1.0	1.0
drugbank.DB01183	topology_only	0.0399600399600399	1.0
drugbank.DB00547	topology_only	1.0	1.0
drugbank.DB00394	topology_only	1.0	1.0
drugbank.DB00720	topology_only	1.0	1.0
drugbank.DB05271	topology_only	0.0409590409590409	1.0
drugbank.DB09074	topology_only	1.0	1.0
drugbank.DB08841	topology_only	1.0	1.0
drugbank.DB00699	topology_only	1.0	1.0
drugbank.DB00469	topology_only	0.0939060939060939	1.0
drugbank.DB00217	topology_only	0.1188811188811188	1.0
drugbank.DB00735	topology_only	1.0	1.0
drugbank.DB01708	topology_only	0.0889110889110889	1.0
drugbank.DB00281	topology_only	0.0029970029970029	0.9982395324414356
drugbank.DB00503	topology_only	0.1408591408591408	1.0
drugbank.DB06543	topology_only	1.0	1.0
drugbank.DB02115	topology_only	1.0	1.0
drugbank.DB00586	topology_only	0.0019980019980019	0.9861018761855614
drugbank.DB01295	topology_only	0.0409590409590409	1.0
drugbank.DB00951	topology_only	0.1508491508491508	1.0
drugbank.DB09241	topology_only	0.0329670329670329	1.0
drugbank.DB00321	topology_only	0.0019980019980019	0.9861018761855614
drugbank.DB08890	topology_only	1.0	1.0
drugbank.DB03147	topology_only	1.0	1.0
drugbank.DB01212	topology_only	1.0	1.0
drugbank.DB01136	topology_only	0.0049950049950049	0.999969738375195
drugbank.DB00779	topology_only	1.0	1.0
drugbank.DB00592	topology_only	1.0	1.0
drugbank.DB01246	topology_only	0.0199800199800199	1.0
drugbank.DB00837	topology_only	0.0349650349650349	1.0
drugbank.DB09053	topology_only	1.0	1.0
drugbank.DB09262	topology_only	1.0	1.0
drugbank.DB00110	topology_only	1.0	1.0
drugbank.DB12947	topology_only	0.0009990009990009	0.89299532402506
drugbank.DB01608	topology_only	1.0	1.0
drugbank.DB00027	topology_only	1.0	1.0
drugbank.DB00841	topology_only	0.0079920079920079	0.9999999252648816
drugbank.DB11160	topology_only	0.0459540459540459	1.0
drugbank.DB06016	topology_only	0.0389610389610389	1.0
drugbank.DB00601	topology_only	1.0	1.0
drugbank.DB00776	topology_only	1.0	1.0
drugbank.DB01611	topology_only	1.0	1.0
drugbank.DB00969	topology_only	1.0	1.0
drugbank.DB01188	topology_only	1.0	1.0
drugbank.DB00130	topology_only	1.0	1.0
drugbank.DB00215	topology_only	0.0009990009990009	0.89299532402506
drugbank.DB01050	topology_only	0.0009990009990009	0.89299532402506
drugbank.DB06757	topology_only	1.0	1.0
drugbank.DB01382	topology_only	1.0	1.0
drugbank.DB00999	topology_only	0.0089910089910089	0.999999989765648
drugbank.DB09097	topology_only	0.0219780219780219	1.0
drugbank.DB00834	topology_only	0.0519480519480519	1.0
drugbank.DB08864	topology_only	1.0	1.0
drugbank.DB00536	topology_only	1.0	1.0
drugbank.DB00358	topology_only	1.0	1.0
drugbank.DB07950	topology_only	1.0	1.0
drugbank.DB01277	topology_only	1.0	1.0
drugbank.DB01262	topology_only	0.0009990009990009	0.89299532402506
drugbank.DB09526	topology_only	1.0	1.0
drugbank.DB06815	topology_only	1.0	1.0
drugbank.DB01255	topology_only	1.0	1.0
drugbank.DB00511	topology_only	0.0559440559440559	1.0
drugbank.DB09009	topology_only	1.0	1.0
drugbank.DB00724	topology_only	1.0	1.0
drugbank.DB12944	topology_only	1.0	1.0
drugbank.DB01251	topology_only	1.0	1.0
drugbank.DB00007	topology_only	1.0	1.0
drugbank.DB09054	topology_only	1.0	1.0
drugbank.DB00920	topology_only	0.4025974025974026	1.0
drugbank.DB01106	topology_only	0.0409590409590409	1.0
drugbank.DB11929	topology_only	1.0	1.0
drugbank.DB01087	topology_only	0.0949050949050949	1.0
drugbank.DB00148	topology_only	1.0	1.0
drugbank.DB01065	topology_only	0.0009990009990009	0.89299532402506
drugbank.DB00829	topology_only	0.1228771228771228	1.0
drugbank.DB00559	topology_only	0.0449550449550449	1.0
drugbank.DB01169	topology_only	0.0009990009990009	0.89299532402506
drugbank.DB01205	topology_only	0.0049950049950049	0.999969738375195
drugbank.DB13125	topology_only	1.0	1.0
drugbank.DB00880	topology_only	0.0219780219780219	1.0
drugbank.DB00373	topology_only	0.2607392607392607	1.0
drugbank.DB00323	topology_only	1.0	1.0
drugbank.DB00381	topology_only	0.2297702297702297	1.0
drugbank.DB00596	topology_only	1.0	1.0
drugbank.DB00711	topology_only	1.0	1.0
drugbank.DB05295	topology_only	1.0	1.0
drugbank.DB00184	topology_only	0.0709290709290709	1.0
drugbank.DB01179	topology_only	1.0	1.0
drugbank.DB00792	topology_only	0.0099900099900099	0.9999999985351842
drugbank.DB04836	topology_only	1.0	1.0
drugbank.DB11315	topology_only	1.0	1.0
drugbank.DB01186	topology_only	0.0019980019980019	0.9861018761855614
drugbank.DB01624	topology_only	0.0349650349650349	1.0
drugbank.DB00745	topology_only	0.0029970029970029	0.9982395324414356
drugbank.DB01004	topology_only	1.0	1.0
drugbank.DB00572	topology_only	0.0819180819180819	1.0
drugbank.DB00871	topology_only	0.2177822177822178	1.0
drugbank.DB00755	topology_only	0.0069930069930069	0.999999450410522
drugbank.DB00035	topology_only	0.0419580419580419	1.0
drugbank.DB00203	topology_only	1.0	1.0
drugbank.DB00784	topology_only	0.0249750249750249	1.0
drugbank.DB05382	topology_only	1.0	1.0
drugbank.DB00948	topology_only	0.2857142857142857	1.0
drugbank.DB00922	topology_only	1.0	1.0
drugbank.DB00291	topology_only	0.1848151848151848	1.0
drugbank.DB06335	topology_only	1.0	1.0
drugbank.DB00207	topology_only	1.0	1.0
drugbank.DB00414	topology_only	1.0	1.0
drugbank.DB08799	topology_only	0.0189810189810189	1.0
drugbank.DB01284	topology_only	1.0	1.0
drugbank.DB01309	topology_only	1.0	1.0
drugbank.DB04840	topology_only	0.0299700299700299	1.0
drugbank.DB08860	topology_only	1.0	1.0
drugbank.DB00226	topology_only	0.0069930069930069	0.999999450410522
drugbank.DB01408	topology_only	0.0599400599400599	1.0
drugbank.DB00904	topology_only	1.0	1.0
drugbank.DB00626	topology_only	1.0	1.0
drugbank.DB11742	topology_only	0.0429570429570429	1.0
drugbank.DB01242	topology_only	0.0089910089910089	0.999999989765648
drugbank.DB11094	topology_only	0.0009990009990009	0.89299532402506
drugbank.DB01198	topology_only	1.0	1.0
drugbank.DB00718	topology_only	1.0	1.0
drugbank.DB00189	topology_only	1.0	1.0
drugbank.DB13165	topology_only	1.0	1.0
drugbank.DB00751	topology_only	0.0669330669330669	1.0
drugbank.DB00436	topology_only	0.0899100899100899	1.0
drugbank.DB04821	topology_only	1.0	1.0
drugbank.DB04819	topology_only	0.1168831168831168	1.0
drugbank.DB00121	topology_only	1.0	1.0
drugbank.DB04861	topology_only	0.0409590409590409	1.0
drugbank.DB00740	topology_only	0.1638361638361638	1.0
drugbank.DB09166	topology_only	0.0249750249750249	1.0
drugbank.DB00530	topology_only	0.1878121878121878	1.0
drugbank.DB01625	topology_only	1.0	1.0
drugbank.DB00628	topology_only	1.0	1.0
drugbank.DB00269	topology_only	0.0039960039960039	0.9997725089350604
drugbank.DB02757	topology_only	1.0	1.0
drugbank.DB00694	topology_only	0.2427572427572427	1.0
drugbank.DB00521	topology_only	0.1488511488511488	1.0
drugbank.DB12436	topology_only	1.0	1.0
drugbank.DB06372	topology_only	1.0	1.0
drugbank.DB00046	topology_only	1.0	1.0
drugbank.DB01153	topology_only	1.0	1.0
drugbank.DB00316	topology_only	0.0299700299700299	1.0
drugbank.DB00986	topology_only	1.0	1.0
drugbank.DB00450	topology_only	0.1098901098901098	1.0
drugbank.DB00515	topology_only	0.0009990009990009	0.89299532402506
drugbank.DB09224	topology_only	1.0	1.0
drugbank.DB00846	topology_only	1.0	1.0
drugbank.DB01435	topology_only	1.0	1.0
drugbank.DB06273	topology_only	0.0519480519480519	1.0
drugbank.DB01131	topology_only	1.0	1.0
drugbank.DB00961	topology_only	1.0	1.0
drugbank.DB00415	topology_only	1.0	1.0
drugbank.DB00758	topology_only	1.0	1.0
drugbank.DB00320	topology_only	1.0	1.0
drugbank.DB01296	topology_only	0.4805194805194805	1.0
drugbank.DB00360	topology_only	0.0719280719280719	1.0
drugbank.DB00771	topology_only	1.0	1.0
drugbank.DB04896	topology_only	1.0	1.0
drugbank.DB02342	topology_only	0.2067932067932067	1.0
drugbank.DB00938	topology_only	1.0	1.0
drugbank.DB00009	topology_only	0.0359640359640359	1.0
drugbank.DB00145	topology_only	1.0	1.0
drugbank.DB00788	topology_only	0.1588411588411588	1.0
drugbank.DB00939	topology_only	0.0009990009990009	0.89299532402506
drugbank.DB00849	topology_only	1.0	1.0
drugbank.DB14066	topology_only	1.0	1.0
drugbank.DB05829	topology_only	1.0	1.0
drugbank.DB01589	topology_only	1.0	1.0
drugbank.DB01196	topology_only	0.1348651348651348	1.0
drugbank.DB01282	topology_only	1.0	1.0
drugbank.DB01139	topology_only	1.0	1.0
drugbank.DB00997	topology_only	0.0009990009990009	0.89299532402506
drugbank.DB02772	topology_only	1.0	1.0
drugbank.DB01035	topology_only	0.0359640359640359	1.0
drugbank.DB09079	topology_only	0.2117882117882117	1.0
drugbank.DB06700	topology_only	1.0	1.0
drugbank.DB00929	topology_only	1.0	1.0
drugbank.DB00714	topology_only	0.0009990009990009	0.89299532402506
drugbank.DB06602	topology_only	1.0	1.0
drugbank.DB09205	topology_only	1.0	1.0
drugbank.DB00544	topology_only	0.0009990009990009	0.89299532402506
drugbank.DB00707	topology_only	1.0	1.0
drugbank.DB00570	topology_only	0.0359640359640359	1.0
drugbank.DB01195	topology_only	0.0049950049950049	0.999969738375195
drugbank.DB09185	topology_only	1.0	1.0
drugbank.DB01028	topology_only	1.0	1.0
drugbank.DB01576	topology_only	0.0669330669330669	1.0
drugbank.DB01215	topology_only	0.0239760239760239	1.0
drugbank.DB02557	topology_only	1.0	1.0
drugbank.DB06290	topology_only	1.0	1.0
drugbank.DB00324	topology_only	1.0	1.0
drugbank.DB06710	topology_only	1.0	1.0
drugbank.DB01173	topology_only	0.1478521478521478	1.0
drugbank.DB13089	topology_only	1.0	1.0
drugbank.DB01718	topology_only	1.0	1.0
drugbank.DB00887	topology_only	0.0209790209790209	1.0
drugbank.DB00671	topology_only	1.0	1.0
drugbank.DB01268	topology_only	0.0439560439560439	1.0
drugbank.DB12923	topology_only	1.0	1.0
drugbank.DB01956	topology_only	0.2417582417582417	1.0
drugbank.DB00287	topology_only	1.0	1.0
drugbank.DB00847	topology_only	1.0	1.0
drugbank.DB01403	topology_only	1.0	1.0
drugbank.DB00422	topology_only	0.0319680319680319	1.0
drugbank.DB00402	topology_only	1.0	1.0
drugbank.DB01270	topology_only	0.0659340659340659	1.0
drugbank.DB00703	topology_only	1.0	1.0
drugbank.DB12267	topology_only	0.1078921078921078	1.0
drugbank.DB04942	topology_only	0.1928071928071928	1.0
drugbank.DB01252	topology_only	1.0	1.0
drugbank.DB06174	topology_only	1.0	1.0
drugbank.DB08818	topology_only	1.0	1.0
drugbank.DB01628	topology_only	0.3196803196803197	1.0
drugbank.DB00803	topology_only	1.0	1.0
drugbank.DB01260	topology_only	1.0	1.0
drugbank.DB01098	topology_only	1.0	1.0
drugbank.DB00454	topology_only	1.0	1.0
drugbank.DB06168	topology_only	1.0	1.0
drugbank.DB09078	topology_only	0.0149850149850149	0.9999999999999146
drugbank.DB04703	topology_only	1.0	1.0
drugbank.DB01620	topology_only	0.0819180819180819	1.0
drugbank.DB09064	topology_only	0.0029970029970029	0.9982395324414356
drugbank.DB00678	topology_only	0.0239760239760239	1.0
drugbank.DB00845	topology_only	1.0	1.0
drugbank.DB01049	topology_only	1.0	1.0
drugbank.DB00252	topology_only	0.0009990009990009	0.89299532402506
drugbank.DB09303	topology_only	1.0	1.0
drugbank.DB13520	topology_only	0.1248751248751248	1.0
drugbank.DB00873	topology_only	1.0	1.0
drugbank.DB00260	topology_only	1.0	1.0
drugbank.DB00934	topology_only	0.1248751248751248	1.0
drugbank.DB01328	topology_only	1.0	1.0
drugbank.DB02285	topology_only	1.0	1.0
drugbank.DB00606	topology_only	0.0249750249750249	1.0
drugbank.DB00405	topology_only	0.0079920079920079	0.9999999252648816
drugbank.DB01240	topology_only	1.0	1.0
drugbank.DB09076	topology_only	1.0	1.0
drugbank.DB12221	topology_only	1.0	1.0
drugbank.DB01062	topology_only	0.0519480519480519	1.0
drugbank.DB01064	topology_only	0.3486513486513486	1.0
drugbank.DB00363	topology_only	0.0009990009990009	0.89299532402506
drugbank.DB00620	topology_only	1.0	1.0
drugbank.DB00491	topology_only	1.0	1.0
drugbank.DB11626	topology_only	1.0	1.0
drugbank.DB12465	topology_only	0.0089910089910089	0.999999989765648
drugbank.DB00761	topology_only	0.0279720279720279	1.0
drugbank.DB00659	topology_only	1.0	1.0
drugbank.DB01359	topology_only	0.0329670329670329	1.0
drugbank.DB00364	topology_only	0.0499500499500499	1.0
drugbank.DB00461	topology_only	0.2067932067932067	1.0
drugbank.DB06217	topology_only	0.0319680319680319	1.0
drugbank.DB00153	topology_only	0.1838161838161838	1.0
drugbank.DB00370	topology_only	1.0	1.0
drugbank.DB00621	topology_only	1.0	1.0
drugbank.DB00704	topology_only	0.2787212787212787	1.0
drugbank.DB11614	topology_only	0.0229770229770229	1.0
drugbank.DB00466	topology_only	1.0	1.0
drugbank.DB02424	topology_only	1.0	1.0
drugbank.DB04575	topology_only	1.0	1.0
drugbank.DB00778	topology_only	1.0	1.0
drugbank.DB06151	topology_only	0.0019980019980019	0.9861018761855614
drugbank.DB12230	topology_only	1.0	1.0
drugbank.DB00060	topology_only	1.0	1.0
drugbank.DB09013	topology_only	1.0	1.0
drugbank.DB00140	topology_only	1.0	1.0
drugbank.DB01159	topology_only	0.0059940059940059	0.9999958434239388
drugbank.DB09128	topology_only	0.0569430569430569	1.0
drugbank.DB09477	topology_only	0.0049950049950049	0.999969738375195
drugbank.DB00865	topology_only	1.0	1.0
drugbank.DB06637	topology_only	1.0	1.0
drugbank.DB00635	topology_only	0.0879120879120879	1.0
drugbank.DB12081	topology_only	1.0	1.0
drugbank.DB01556	topology_only	1.0	1.0
drugbank.DB12216	topology_only	1.0	1.0
drugbank.DB09010	topology_only	1.0	1.0
drugbank.DB01551	topology_only	1.0	1.0
drugbank.DB00284	topology_only	0.0269730269730269	1.0
drugbank.DB01430	topology_only	1.0	1.0
drugbank.DB03366	topology_only	1.0	1.0
drugbank.DB08899	topology_only	0.0419580419580419	1.0
drugbank.DB00810	topology_only	0.0049950049950049	0.999969738375195
drugbank.DB00463	topology_only	1.0	1.0
drugbank.DB00542	topology_only	0.0059940059940059	0.9999958434239388
drugbank.DB08895	topology_only	0.0919080919080919	1.0
drugbank.DB07637	topology_only	1.0	1.0
drugbank.DB08997	topology_only	1.0	1.0
drugbank.DB04485	topology_only	1.0	1.0
drugbank.DB00852	topology_only	1.0	1.0
drugbank.DB02520	topology_only	1.0	1.0
drugbank.DB00706	topology_only	1.0	1.0
drugbank.DB00863	topology_only	1.0	1.0
drugbank.DB09112	topology_only	1.0	1.0
drugbank.DB01104	topology_only	0.0089910089910089	0.999999989765648
drugbank.DB00392	topology_only	0.1158841158841158	1.0
drugbank.DB00563	topology_only	0.0009990009990009	0.89299532402506
drugbank.DB00497	topology_only	1.0	1.0
drugbank.DB00827	topology_only	1.0	1.0
drugbank.DB00537	topology_only	1.0	1.0
drugbank.DB00589	topology_only	0.0009990009990009	0.89299532402506
drugbank.DB00335	topology_only	0.0009990009990009	0.89299532402506
drugbank.DB00644	topology_only	1.0	1.0
drugbank.DB00539	topology_only	1.0	1.0
drugbank.DB00548	topology_only	1.0	1.0
drugbank.DB08985	topology_only	1.0	1.0
drugbank.DB06719	topology_only	1.0	1.0
drugbank.DB01192	topology_only	1.0	1.0
drugbank.DB00289	topology_only	1.0	1.0
drugbank.DB00418	topology_only	0.0069930069930069	0.999999450410522
drugbank.DB00343	topology_only	0.7552447552447552	1.0
drugbank.DB00604	topology_only	1.0	1.0
drugbank.DB00465	topology_only	1.0	1.0
drugbank.DB00541	topology_only	0.2587412587412587	1.0
drugbank.DB00146	topology_only	0.0029970029970029	0.9982395324414356
drugbank.DB05869	topology_only	0.1098901098901098	1.0
drugbank.DB00478	topology_only	1.0	1.0
drugbank.DB00575	topology_only	0.0199800199800199	1.0
drugbank.DB00764	topology_only	1.0	1.0
drugbank.DB00533	topology_only	0.2457542457542457	1.0
drugbank.DB00836	topology_only	1.0	1.0
drugbank.DB00177	topology_only	0.0149850149850149	0.9999999999999146
drugbank.DB01036	topology_only	1.0	1.0
drugbank.DB06148	topology_only	0.0129870129870129	0.9999999999959636
drugbank.DB09147	topology_only	1.0	1.0
drugbank.DB01593	topology_only	0.0009990009990009	0.89299532402506
drugbank.DB00991	topology_only	0.1678321678321678	1.0
drugbank.DB08868	topology_only	1.0	1.0
drugbank.DB01080	topology_only	1.0	1.0
drugbank.DB00253	topology_only	1.0	1.0
drugbank.DB01214	topology_only	0.1018981018981019	1.0
drugbank.DB00390	topology_only	0.0039960039960039	0.9997725089350604
drugbank.DB12248	topology_only	0.0279720279720279	1.0
drugbank.DB00476	topology_only	1.0	1.0
drugbank.DB09449	topology_only	1.0	1.0
drugbank.DB00383	topology_only	1.0	1.0
drugbank.DB00830	topology_only	1.0	1.0
drugbank.DB01438	topology_only	1.0	1.0
drugbank.DB13928	topology_only	1.0	1.0
drugbank.DB01406	topology_only	0.6483516483516484	1.0
drugbank.DB00942	topology_only	1.0	1.0
drugbank.DB09047	topology_only	1.0	1.0
drugbank.DB01616	topology_only	1.0	1.0
drugbank.DB01409	topology_only	1.0	1.0
drugbank.DB00655	topology_only	1.0	1.0
drugbank.DB01285	topology_only	0.0639360639360639	1.0
drugbank.DB08949	topology_only	1.0	1.0
drugbank.DB06176	topology_only	1.0	1.0
drugbank.DB00151	topology_only	1.0	1.0
drugbank.DB01216	topology_only	0.0009990009990009	0.89299532402506
drugbank.DB00200	topology_only	0.0729270729270729	1.0
drugbank.DB09223	topology_only	0.0309690309690309	1.0
drugbank.DB09481	topology_only	1.0	1.0
drugbank.DB11674	topology_only	0.0289710289710289	1.0
drugbank.DB01082	topology_only	1.0	1.0
drugbank.DB11222	topology_only	1.0	1.0
drugbank.DB00642	topology_only	1.0	1.0
drugbank.DB00579	topology_only	0.0809190809190809	1.0
drugbank.DB00985	topology_only	1.0	1.0
drugbank.DB00382	topology_only	0.0659340659340659	1.0
drugbank.DB00615	topology_only	1.0	1.0
drugbank.DB14064	topology_only	1.0	1.0
drugbank.DB00590	topology_only	0.0389610389610389	1.0
drugbank.DB00813	topology_only	1.0	1.0
drugbank.DB11757	topology_only	1.0	1.0
drugbank.DB01333	topology_only	1.0	1.0
drugbank.DB00002	topology_only	0.1588411588411588	1.0
drugbank.DB11948	topology_only	1.0	1.0
drugbank.DB00759	topology_only	1.0	1.0
drugbank.DB11988	topology_only	1.0	1.0
drugbank.DB01558	topology_only	0.0509490509490509	1.0
drugbank.DB00017	topology_only	1.0	1.0
drugbank.DB00731	topology_only	0.0499500499500499	1.0
drugbank.DB09460	topology_only	1.0	1.0
drugbank.DB06480	topology_only	1.0	1.0
drugbank.DB11672	topology_only	0.0009990009990009	0.89299532402506
drugbank.DB01068	topology_only	0.0059940059940059	0.9999958434239388
drugbank.DB08916	topology_only	0.1288711288711288	1.0
drugbank.DB00774	topology_only	0.0439560439560439	1.0
drugbank.DB01051	topology_only	1.0	1.0
drugbank.DB01045	topology_only	0.5554445554445554	1.0
drugbank.DB00371	topology_only	0.0539460539460539	1.0
drugbank.DB01120	topology_only	0.3916083916083916	1.0
drugbank.DB06732	topology_only	1.0	1.0
drugbank.DB01393	topology_only	0.0009990009990009	0.89299532402506
drugbank.DB00068	topology_only	1.0	1.0
drugbank.DB06820	topology_only	1.0	1.0
drugbank.DB01204	topology_only	0.0739260739260739	1.0
drugbank.DB00976	topology_only	1.0	1.0
drugbank.DB11937	topology_only	1.0	1.0
drugbank.DB11640	topology_only	1.0	1.0
drugbank.DB06730	topology_only	1.0	1.0
drugbank.DB06715	topology_only	1.0	1.0
drugbank.DB09130	topology_only	0.0289710289710289	1.0
drugbank.DB09030	topology_only	1.0	1.0
drugbank.DB08960	topology_only	0.0399600399600399	1.0
drugbank.DB06264	topology_only	0.0179820179820179	0.9999999999999996
drugbank.DB00687	topology_only	1.0	1.0
drugbank.DB01079	topology_only	1.0	1.0
drugbank.DB00411	topology_only	1.0	1.0
drugbank.DB00842	topology_only	0.0389610389610389	1.0
drugbank.DB00775	topology_only	0.0219780219780219	1.0
drugbank.DB12478	topology_only	0.0289710289710289	1.0
drugbank.DB00443	topology_only	0.5124875124875125	1.0
drugbank.DB00063	topology_only	0.0189810189810189	1.0
drugbank.DB00107	topology_only	1.0	1.0
drugbank.DB00956	topology_only	1.0	1.0
drugbank.DB09230	topology_only	0.0209790209790209	1.0
drugbank.DB01149	topology_only	0.0009990009990009	0.89299532402506
drugbank.DB00487	topology_only	1.0	1.0
drugbank.DB00268	topology_only	0.0629370629370629	1.0
drugbank.DB11155	topology_only	1.0	1.0
drugbank.DB00722	topology_only	0.0009990009990009	0.89299532402506
drugbank.DB13155	topology_only	1.0	1.0
drugbank.DB07954	topology_only	1.0	1.0
drugbank.DB12278	topology_only	1.0	1.0
drugbank.DB00448	topology_only	1.0	1.0
drugbank.DB00602	topology_only	0.1338661338661338	1.0
drugbank.DB01024	topology_only	1.0	1.0
drugbank.DB06366	topology_only	1.0	1.0
drugbank.DB00896	topology_only	1.0	1.0
drugbank.DB00874	topology_only	1.0	1.0
drugbank.DB00111	topology_only	1.0	1.0
drugbank.DB02659	topology_only	1.0	1.0
drugbank.DB02509	topology_only	1.0	1.0
drugbank.DB00878	topology_only	0.0779220779220779	1.0
drugbank.DB00825	topology_only	1.0	1.0
drugbank.DB04841	topology_only	0.0009990009990009	0.89299532402506
drugbank.DB00672	topology_only	1.0	1.0
drugbank.DB09034	topology_only	1.0	1.0
drugbank.DB00398	topology_only	0.0319680319680319	1.0
drugbank.DB01114	topology_only	0.3286713286713286	1.0
drugbank.DB00441	topology_only	0.0949050949050949	1.0
drugbank.DB06708	topology_only	1.0	1.0
drugbank.DB08962	topology_only	1.0	1.0
drugbank.DB00182	topology_only	0.0009990009990009	0.89299532402506
drugbank.DB08838	topology_only	1.0	1.0
drugbank.DB01003	topology_only	1.0	1.0
drugbank.DB00261	topology_only	1.0	1.0
drugbank.DB00143	topology_only	0.0839160839160839	1.0
drugbank.DB00275	topology_only	0.0139860139860139	0.9999999999993996
drugbank.DB09194	topology_only	1.0	1.0
drugbank.DB00162	topology_only	0.0379620379620379	1.0
drugbank.DB08922	topology_only	0.0349650349650349	1.0
drugbank.DB00652	topology_only	1.0	1.0
drugbank.DB00535	topology_only	1.0	1.0
drugbank.DB00979	topology_only	1.0	1.0
drugbank.DB00893	topology_only	1.0	1.0
drugbank.DB01119	topology_only	0.0009990009990009	0.89299532402506
drugbank.DB01115	topology_only	0.0109890109890109	0.9999999997953294
drugbank.DB06393	topology_only	1.0	1.0
drugbank.DB03796	topology_only	1.0	1.0
drugbank.DB00928	topology_only	0.0009990009990009	0.89299532402506
drugbank.DB05679	topology_only	0.0279720279720279	1.0
drugbank.DB00933	topology_only	0.0019980019980019	0.9861018761855614
drugbank.DB00178	topology_only	0.0169830169830169	0.999999999999998
drugbank.DB00432	topology_only	0.0319680319680319	1.0
drugbank.DB13179	topology_only	1.0	1.0
drugbank.DB05266	topology_only	1.0	1.0
drugbank.DB00216	topology_only	1.0	1.0
drugbank.DB00391	topology_only	0.0069930069930069	0.999999450410522
drugbank.DB00680	topology_only	0.0229770229770229	1.0
drugbank.DB04216	topology_only	0.0019980019980019	0.9861018761855614
drugbank.DB12017	topology_only	1.0	1.0
drugbank.DB06155	topology_only	0.0529470529470529	1.0
drugbank.DB00349	topology_only	0.0019980019980019	0.9861018761855614
drugbank.DB08816	topology_only	1.0	1.0
drugbank.DB00555	topology_only	0.0029970029970029	0.9982395324414356
drugbank.DB01116	topology_only	1.0	1.0
drugbank.DB01698	topology_only	1.0	1.0
drugbank.DB01088	topology_only	1.0	1.0
drugbank.DB01029	topology_only	0.0939060939060939	1.0
drugbank.DB01146	topology_only	0.0589410589410589	1.0
drugbank.DB00727	topology_only	0.0209790209790209	1.0
drugbank.DB12783	topology_only	0.0619380619380619	1.0
drugbank.DB04951	topology_only	1.0	1.0
drugbank.DB01588	topology_only	1.0	1.0
drugbank.DB06756	topology_only	0.3276723276723277	1.0
drugbank.DB00564	topology_only	0.0029970029970029	0.9982395324414356
drugbank.DB08950	topology_only	0.0189810189810189	1.0
drugbank.DB04576	topology_only	1.0	1.0
drugbank.DB00440	topology_only	1.0	1.0
drugbank.DB11901	topology_only	0.0469530469530469	1.0
drugbank.DB00065	topology_only	0.0469530469530469	1.0
drugbank.DB01559	topology_only	1.0	1.0
drugbank.DB06144	topology_only	0.0809190809190809	1.0
drugbank.DB11915	topology_only	1.0	1.0
drugbank.DB01232	topology_only	1.0	1.0
drugbank.DB01208	topology_only	1.0	1.0
drugbank.DB07795	topology_only	1.0	1.0
drugbank.DB01619	topology_only	0.0119880119880119	0.9999999999717448
drugbank.DB00683	topology_only	0.3086913086913087	1.0
drugbank.DB06043	topology_only	1.0	1.0
drugbank.DB07715	topology_only	0.1128871128871128	1.0
drugbank.DB01237	topology_only	1.0	1.0
drugbank.DB00613	topology_only	1.0	1.0
drugbank.DB01107	topology_only	1.0	1.0
drugbank.DB09154	topology_only	1.0	1.0
drugbank.DB00211	topology_only	1.0	1.0
drugbank.DB00296	topology_only	1.0	1.0
drugbank.DB04258	topology_only	1.0	1.0
drugbank.DB00854	topology_only	1.0	1.0
drugbank.DB01410	topology_only	1.0	1.0
drugbank.DB03793	topology_only	1.0	1.0
drugbank.DB00908	topology_only	0.0039960039960039	0.9997725089350604
drugbank.DB01176	topology_only	0.0819180819180819	1.0
drugbank.DB00636	topology_only	0.0009990009990009	0.89299532402506
drugbank.DB04815	topology_only	0.0929070929070929	1.0
drugbank.DB11817	topology_only	0.0529470529470529	1.0
drugbank.DB13694	topology_only	1.0	1.0
drugbank.DB01017	topology_only	0.0009990009990009	0.89299532402506
drugbank.DB09039	topology_only	1.0	1.0
drugbank.DB01645	topology_only	0.0009990009990009	0.89299532402506
drugbank.DB00259	topology_only	1.0	1.0
drugbank.DB00940	topology_only	1.0	1.0
drugbank.DB04843	topology_only	1.0	1.0
drugbank.DB00492	topology_only	0.1058941058941058	1.0
drugbank.DB08906	topology_only	1.0	1.0
drugbank.DB00193	topology_only	1.0	1.0
drugbank.DB09070	topology_only	1.0	1.0
drugbank.DB06702	topology_only	1.0	1.0
drugbank.DB00389	topology_only	1.0	1.0
drugbank.DB00554	topology_only	0.1458541458541458	1.0
drugbank.DB08980	topology_only	1.0	1.0
drugbank.DB00220	topology_only	0.5694305694305695	1.0
drugbank.DB05246	topology_only	1.0	1.0
drugbank.DB01105	topology_only	0.0269730269730269	1.0
drugbank.DB09265	topology_only	1.0	1.0
drugbank.DB00318	topology_only	1.0	1.0
drugbank.DB09121	topology_only	1.0	1.0
drugbank.DB11642	topology_only	1.0	1.0
drugbank.DB00421	topology_only	0.0009990009990009	0.89299532402506
drugbank.DB00551	topology_only	1.0	1.0
drugbank.DB01059	topology_only	1.0	1.0
drugbank.DB00428	topology_only	1.0	1.0
drugbank.DB01511	topology_only	1.0	1.0
drugbank.DB13931	topology_only	1.0	1.0
drugbank.DB00717	topology_only	0.1528471528471528	1.0
drugbank.DB00625	topology_only	1.0	1.0
drugbank.DB00434	topology_only	0.0139860139860139	0.9999999999993996
drugbank.DB01254	topology_only	0.1988011988011988	1.0
drugbank.DB06777	topology_only	1.0	1.0
drugbank.DB00790	topology_only	0.0039960039960039	0.9997725089350604
drugbank.DB09115	topology_only	1.0	1.0
drugbank.DB01030	topology_only	0.0169830169830169	0.999999999999998
drugbank.DB03754	topology_only	1.0	1.0
drugbank.DB05513	topology_only	1.0	1.0
drugbank.DB02262	topology_only	1.0	1.0
drugbank.DB12082	topology_only	1.0	1.0
drugbank.DB09122	topology_only	1.0	1.0
drugbank.DB01586	topology_only	0.0199800199800199	1.0
drugbank.DB00977	topology_only	0.1278721278721278	1.0
drugbank.DB00574	topology_only	0.0039960039960039	0.9997725089350604
drugbank.DB00204	topology_only	1.0	1.0
drugbank.DB13025	topology_only	1.0	1.0
drugbank.DB00889	topology_only	1.0	1.0
drugbank.DB00290	topology_only	1.0	1.0
drugbank.DB13874	topology_only	0.0449550449550449	1.0
drugbank.DB00005	topology_only	0.2547452547452547	1.0
drugbank.DB05294	topology_only	0.1838161838161838	1.0
drugbank.DB00752	topology_only	0.0079920079920079	0.9999999252648816
drugbank.DB04932	topology_only	1.0	1.0
drugbank.DB05015	topology_only	1.0	1.0
drugbank.DB04571	topology_only	1.0	1.0
drugbank.DB00876	topology_only	0.0219780219780219	1.0
drugbank.DB05311	topology_only	1.0	1.0
drugbank.DB12319	topology_only	1.0	1.0
drugbank.DB00082	topology_only	1.0	1.0
drugbank.DB00338	topology_only	1.0	1.0
drugbank.DB14540	topology_only	1.0	1.0
drugbank.DB01020	topology_only	0.0689310689310689	1.0
drugbank.DB09213	topology_only	0.0359640359640359	1.0
drugbank.DB01091	topology_only	1.0	1.0
drugbank.DB06202	topology_only	1.0	1.0
drugbank.DB00647	topology_only	1.0	1.0
drugbank.DB00668	topology_only	0.0009990009990009	0.89299532402506
drugbank.DB01073	topology_only	1.0	1.0
drugbank.DB00808	topology_only	0.0049950049950049	0.999969738375195
drugbank.DB00352	topology_only	0.3396603396603396	1.0
drugbank.DB00582	topology_only	1.0	1.0
drugbank.DB02021	topology_only	1.0	1.0
drugbank.DB09353	topology_only	1.0	1.0
drugbank.DB00608	topology_only	0.1118881118881118	1.0
drugbank.DB09026	topology_only	0.0669330669330669	1.0
drugbank.DB00543	topology_only	1.0	1.0
drugbank.DB09201	topology_only	0.1348651348651348	1.0
drugbank.DB01621	topology_only	0.0219780219780219	1.0
drugbank.DB00489	topology_only	0.2587412587412587	1.0
drugbank.DB00399	topology_only	1.0	1.0
drugbank.DB00811	topology_only	1.0	1.0
drugbank.DB01178	topology_only	1.0	1.0
drugbank.DB01436	topology_only	0.0499500499500499	1.0
drugbank.DB01395	topology_only	1.0	1.0
drugbank.DB06282	topology_only	0.0049950049950049	0.999969738375195
drugbank.DB00292	topology_only	0.0549450549450549	1.0
drugbank.DB01420	topology_only	0.0629370629370629	1.0
drugbank.DB00692	topology_only	0.0189810189810189	1.0
drugbank.DB00690	topology_only	1.0	1.0
drugbank.DB00194	topology_only	1.0	1.0
drugbank.DB04920	topology_only	0.0239760239760239	1.0
drugbank.DB12965	topology_only	1.0	1.0
drugbank.DB01156	topology_only	0.0849150849150849	1.0
drugbank.DB06409	topology_only	1.0	1.0
drugbank.DB00947	topology_only	0.0669330669330669	1.0
drugbank.DB09282	topology_only	1.0	1.0
drugbank.DB00850	topology_only	0.0009990009990009	0.89299532402506
drugbank.DB06413	topology_only	1.0	1.0
drugbank.DB07118	topology_only	1.0	1.0
drugbank.DB05383	topology_only	0.0039960039960039	0.9997725089350604
drugbank.DB00237	topology_only	1.0	1.0
drugbank.DB04878	topology_only	1.0	1.0
drugbank.DB00429	topology_only	1.0	1.0
drugbank.DB00914	topology_only	1.0	1.0
drugbank.DB02656	topology_only	1.0	1.0
drugbank.DB00384	topology_only	0.0959040959040959	1.0
drugbank.DB00550	topology_only	1.0	1.0
drugbank.DB09102	topology_only	1.0	1.0
drugbank.DB00242	topology_only	1.0	1.0
drugbank.DB00008	topology_only	1.0	1.0
drugbank.DB00610	topology_only	1.0	1.0
drugbank.DB06791	topology_only	1.0	1.0
drugbank.DB00772	topology_only	1.0	1.0
drugbank.DB00133	topology_only	1.0	1.0
drugbank.DB01113	topology_only	1.0	1.0
drugbank.DB01348	topology_only	0.0579420579420579	1.0
drugbank.DB00797	topology_only	1.0	1.0
drugbank.DB00006	topology_only	1.0	1.0
drugbank.DB12354	topology_only	1.0	1.0
drugbank.DB00983	topology_only	1.0	1.0
drugbank.DB00112	topology_only	0.1848151848151848	1.0
drugbank.DB01419	topology_only	1.0	1.0
drugbank.DB02315	topology_only	1.0	1.0
drugbank.DB00331	topology_only	0.2317682317682317	1.0
drugbank.DB00619	topology_only	0.0079920079920079	0.9999999252648816
drugbank.DB00214	topology_only	0.0599400599400599	1.0
drugbank.DB01380	topology_only	1.0	1.0
drugbank.DB01238	topology_only	0.1068931068931069	1.0
drugbank.DB06698	topology_only	1.0	1.0
drugbank.DB05109	topology_only	1.0	1.0
drugbank.DB00519	topology_only	0.0539460539460539	1.0
drugbank.DB00240	topology_only	1.0	1.0
drugbank.DB12930	topology_only	1.0	1.0
drugbank.DB04812	topology_only	0.0199800199800199	1.0
drugbank.DB09031	topology_only	1.0	1.0
drugbank.DB00824	topology_only	0.0289710289710289	1.0
drugbank.DB01351	topology_only	0.0009990009990009	0.89299532402506
drugbank.DB00517	topology_only	1.0	1.0
drugbank.DB00796	topology_only	0.0039960039960039	0.9997725089350604
drugbank.DB01008	topology_only	1.0	1.0
drugbank.DB06817	topology_only	1.0	1.0
drugbank.DB06677	topology_only	1.0	1.0
drugbank.DB04465	topology_only	1.0	1.0
drugbank.DB01229	topology_only	0.0349650349650349	1.0
drugbank.DB00966	topology_only	0.0919080919080919	1.0
drugbank.DB00932	topology_only	1.0	1.0
drugbank.DB01137	topology_only	1.0	1.0
drugbank.DB00457	topology_only	0.1888111888111888	1.0
drugbank.DB01440	topology_only	1.0	1.0
drugbank.DB03759	topology_only	1.0	1.0
drugbank.DB00499	topology_only	0.0229770229770229	1.0
drugbank.DB06196	topology_only	1.0	1.0
drugbank.DB01880	topology_only	1.0	1.0
